category_level_1,category_level_2,category_level_3,category_level_4,product_slug,product_name,product_url,specification_sheet_url
cloud-services-apps,,,,cloud-services,SkyportCare,https://daikincomfort.com/products/cloud-services-apps/cloud-services,
cloud-services-apps,,,,cloud-services---apps-homeowner,SkyportHome app & SkyportCare,https://daikincomfort.com/products/cloud-services-apps/cloud-services---apps-homeowner,
cloud-services-apps,,,,daikin-comfort-control-app,Daikin Comfort Control App,https://daikincomfort.com/products/cloud-services-apps/daikin-comfort-control-app,
cloud-services-apps,,,,one-home-mobile-app,SkyportHome App,https://daikincomfort.com/products/cloud-services-apps/one-home-mobile-app,
cloud-services-apps,,,,skyportcare-app,SkyportCare App,https://daikincomfort.com/products/cloud-services-apps/skyportcare-app,
,,,,ductless,Daikin Ductless Solutions,https://daikincomfort.com/products/ductless,
heating-cooling,,,,multi-split-ductless,Multi-Zone Ductless Systems,https://daikincomfort.com/products/heating-cooling/multi-split-ductless,
heating-cooling,multi-split-ductless,,,8-zone-multi-split,Multi-Zone Ductless Systems,https://daikincomfort.com/products/heating-cooling/multi-split-ductless/8-zone-multi-split,
heating-cooling,multi-split-ductless,,,daikin-cirra-2-zone-multi-zone,Daikin Cirra 2 Zone Multi Zone,https://daikincomfort.com/products/heating-cooling/multi-split-ductless/daikin-cirra-2-zone-multi-zone,
heating-cooling,multi-split-ductless,,,enhanced-multi-zone-aurora,Enhanced Multi Zone Aurora,https://daikincomfort.com/products/heating-cooling/multi-split-ductless/enhanced-multi-zone-aurora,
heating-cooling,multi-split-ductless,,,multi-zone-daikin-aurora-mxt---r-32-2-to-5-zone,Multi-Zone Ductless Systems,https://daikincomfort.com/products/heating-cooling/multi-split-ductless/multi-zone-daikin-aurora-mxt---r-32-2-to-5-zone,
heating-cooling,multi-split-ductless,,,multi-zone-daikin-aurora-mxt-2-zones,Multi-Zone Ductless Systems,https://daikincomfort.com/products/heating-cooling/multi-split-ductless/multi-zone-daikin-aurora-mxt-2-zones,
heating-cooling,multi-split-ductless,,,multi-zone-daikin-standard-mxm-(2-3-4-or-5-zones),Multi-Zone Ductless Systems,https://daikincomfort.com/products/heating-cooling/multi-split-ductless/multi-zone-daikin-standard-mxm-(2-3-4-or-5-zones),
heating-cooling,multi-split-ductless,,,mxm-series-multi-zone-2-3-or-4-zones,Multi-Zone Ductless Systems,https://daikincomfort.com/products/heating-cooling/multi-split-ductless/mxm-series-multi-zone-2-3-or-4-zones,
heating-cooling,multi-split-ductless,,,vrv-iv-s-heat-pump,Multi-Zone Ductless Systems,https://daikincomfort.com/products/heating-cooling/multi-split-ductless/vrv-iv-s-heat-pump,
heating-cooling,,,,single-split-ductless,Single Zone Systems,https://daikincomfort.com/products/heating-cooling/single-split-ductless,
heating-cooling,single-split-ductless,,,air-conditioners,Single Zone Ductless Air Conditioners,https://daikincomfort.com/products/heating-cooling/single-split-ductless/air-conditioners,
heating-cooling,single-split-ductless,air-conditioners,,19-series-wall-mount---cooling-only,Single Zone Ductless Air Conditioners,https://daikincomfort.com/products/heating-cooling/single-split-ductless/air-conditioners/19-series-wall-mount---cooling-only,
heating-cooling,single-split-ductless,air-conditioners,,daikin-polara-wall-mount---cooling-only,Single Zone Ductless Air Conditioners,https://daikincomfort.com/products/heating-cooling/single-split-ductless/air-conditioners/daikin-polara-wall-mount---cooling-only,
heating-cooling,single-split-ductless,air-conditioners,,wall-mount-daikin-oterra,Single Zone Ductless Air Conditioners,https://daikincomfort.com/products/heating-cooling/single-split-ductless/air-conditioners/wall-mount-daikin-oterra,
heating-cooling,single-split-ductless,,,heat-pumps,Single Zone Ductless Heat Pumps,https://daikincomfort.com/products/heating-cooling/single-split-ductless/heat-pumps,
heating-cooling,single-split-ductless,heat-pumps,,19-series-wall-mount,Single Zone Ductless Heat Pumps,https://daikincomfort.com/products/heating-cooling/single-split-ductless/heat-pumps/19-series-wall-mount,
heating-cooling,single-split-ductless,heat-pumps,,aurora-floor-mount,Single Zone Ductless Heat Pumps,https://daikincomfort.com/products/heating-cooling/single-split-ductless/heat-pumps/aurora-floor-mount,
heating-cooling,single-split-ductless,heat-pumps,,aurora-wall-mount,Single Zone Ductless Heat Pumps,https://daikincomfort.com/products/heating-cooling/single-split-ductless/heat-pumps/aurora-wall-mount,
heating-cooling,single-split-ductless,heat-pumps,,daikin-atmosphera-wall-mount-heat-pump,Single Zone Ductless Heat Pumps,https://daikincomfort.com/products/heating-cooling/single-split-ductless/heat-pumps/daikin-atmosphera-wall-mount-heat-pump,
heating-cooling,single-split-ductless,heat-pumps,,daikin-aurora---fdma-ducted-concealed,Single Zone Ductless Heat Pumps,https://daikincomfort.com/products/heating-cooling/single-split-ductless/heat-pumps/daikin-aurora---fdma-ducted-concealed,
heating-cooling,single-split-ductless,heat-pumps,,daikin-aurora-fdmq-ducted-concealed,Single Zone Ductless Heat Pumps,https://daikincomfort.com/products/heating-cooling/single-split-ductless/heat-pumps/daikin-aurora-fdmq-ducted-concealed,
heating-cooling,single-split-ductless,heat-pumps,,daikin-aurora-r-32-wall-mount,Single Zone Ductless Heat Pumps,https://daikincomfort.com/products/heating-cooling/single-split-ductless/heat-pumps/daikin-aurora-r-32-wall-mount,
heating-cooling,single-split-ductless,heat-pumps,,daikin-emura-single-zone-wall-mount-heat-pump,Single Zone Ductless Heat Pumps,https://daikincomfort.com/products/heating-cooling/single-split-ductless/heat-pumps/daikin-emura-single-zone-wall-mount-heat-pump,
heating-cooling,single-split-ductless,heat-pumps,,daikin-oterra-115v,Single Zone Ductless Heat Pumps,https://daikincomfort.com/products/heating-cooling/single-split-ductless/heat-pumps/daikin-oterra-115v,
heating-cooling,single-split-ductless,heat-pumps,,daikin-polara-wall-mount,Single Zone Ductless Heat Pumps,https://daikincomfort.com/products/heating-cooling/single-split-ductless/heat-pumps/daikin-polara-wall-mount,
heating-cooling,single-split-ductless,heat-pumps,,entra-wall-mount,Single Zone Ductless Heat Pumps,https://daikincomfort.com/products/heating-cooling/single-split-ductless/heat-pumps/entra-wall-mount,
heating-cooling,single-split-ductless,heat-pumps,,fdmqsz-ductless-heat-pump-concealed,Single Zone Ductless Heat Pumps,https://daikincomfort.com/products/heating-cooling/single-split-ductless/heat-pumps/fdmqsz-ductless-heat-pump-concealed,
heating-cooling,single-split-ductless,heat-pumps,,slim-duct-lv-series-heat-pump,Single Zone Ductless Heat Pumps,https://daikincomfort.com/products/heating-cooling/single-split-ductless/heat-pumps/slim-duct-lv-series-heat-pump,
heating-cooling,single-split-ductless,heat-pumps,,vista-ceiling-cassette-r32,Single Zone Ductless Heat Pumps,https://daikincomfort.com/products/heating-cooling/single-split-ductless/heat-pumps/vista-ceiling-cassette-r32,
heating-cooling,single-split-ductless,heat-pumps,,wall-mount-daikin-oterra-heat-pump,Single Zone Ductless Heat Pumps,https://daikincomfort.com/products/heating-cooling/single-split-ductless/heat-pumps/wall-mount-daikin-oterra-heat-pump,
heating-cooling,single-split-ductless,heat-pumps,,wall-mount-lv-series-heat-pump,Single Zone Ductless Heat Pumps,https://daikincomfort.com/products/heating-cooling/single-split-ductless/heat-pumps/wall-mount-lv-series-heat-pump,
heating-cooling,,,,whole-home-systems,Whole Home Systems,https://daikincomfort.com/products/heating-cooling/whole-home-systems,
heating-cooling,whole-home-systems,,,air-conditioners,Whole Home Air Conditioners,https://daikincomfort.com/products/heating-cooling/whole-home-systems/air-conditioners,
heating-cooling,whole-home-systems,air-conditioners,,daikin-fit---dc9vs,Whole Home Air Conditioners,https://daikincomfort.com/products/heating-cooling/whole-home-systems/air-conditioners/daikin-fit---dc9vs,https://daikincomfort.com/docs/default-source/daikin-fit-dc9vs/ss-dc9vs-r32.pdf
heating-cooling,whole-home-systems,air-conditioners,,daikin-fit-dc6vs,Whole Home Air Conditioners,https://daikincomfort.com/products/heating-cooling/whole-home-systems/air-conditioners/daikin-fit-dc6vs,https://daikincomfort.com/docs/default-source/daikin-fit---dc6vs/ss-dc6vs-r32.pdf
heating-cooling,whole-home-systems,air-conditioners,,daikin-fit-dx6vs,Whole Home Air Conditioners,https://daikincomfort.com/products/heating-cooling/whole-home-systems/air-conditioners/daikin-fit-dx6vs,https://daikincomfort.com/docs/default-source/daikin-fit---dx6vs/ss-dx6vs.pdf
heating-cooling,whole-home-systems,air-conditioners,,dc7tc,Whole Home Air Conditioners,https://daikincomfort.com/products/heating-cooling/whole-home-systems/air-conditioners/dc7tc,https://daikincomfort.com/docs/default-source/dc7tc/ss-dc7tc-r32.pdf
heating-cooling,whole-home-systems,air-conditioners,,dx3se,Whole Home Air Conditioners,https://daikincomfort.com/products/heating-cooling/whole-home-systems/air-conditioners/dx3se,https://daikincomfort.com/docs/default-source/dx3se/ss-dx3se.pdf
heating-cooling,whole-home-systems,air-conditioners,,dx3sq,Whole Home Air Conditioners,https://daikincomfort.com/products/heating-cooling/whole-home-systems/air-conditioners/dx3sq,https://daikincomfort.com/docs/default-source/dx3sq/ss-dx3sq.pdf
heating-cooling,whole-home-systems,air-conditioners,,dx4se,Whole Home Air Conditioners,https://daikincomfort.com/products/heating-cooling/whole-home-systems/air-conditioners/dx4se,https://daikincomfort.com/docs/default-source/dx4se/ss-dx4se.pdf
heating-cooling,whole-home-systems,air-conditioners,,dx4sq,Whole Home Air Conditioners,https://daikincomfort.com/products/heating-cooling/whole-home-systems/air-conditioners/dx4sq,
heating-cooling,whole-home-systems,air-conditioners,,dx5se,Whole Home Air Conditioners,https://daikincomfort.com/products/heating-cooling/whole-home-systems/air-conditioners/dx5se,https://daikincomfort.com/docs/default-source/dx5se/ss-dx5se.pdf
heating-cooling,whole-home-systems,air-conditioners,,dx7tc,Whole Home Air Conditioners,https://daikincomfort.com/products/heating-cooling/whole-home-systems/air-conditioners/dx7tc,https://daikincomfort.com/docs/default-source/dx7tc/ss-dx7tc.pdf
heating-cooling,whole-home-systems,air-conditioners,,dx9vc,Whole Home Air Conditioners,https://daikincomfort.com/products/heating-cooling/whole-home-systems/air-conditioners/dx9vc,https://daikincomfort.com/docs/default-source/dx9vc/ss-dx9vc.pdf
heating-cooling,whole-home-systems,air-conditioners,,r32-dc3se,Whole Home Air Conditioners,https://daikincomfort.com/products/heating-cooling/whole-home-systems/air-conditioners/r32-dc3se,https://daikincomfort.com/docs/default-source/dc3se/ss-dc3se-r32.pdf
heating-cooling,whole-home-systems,air-conditioners,,r32-dc3sq,Whole Home Air Conditioners,https://daikincomfort.com/products/heating-cooling/whole-home-systems/air-conditioners/r32-dc3sq,https://daikincomfort.com/docs/default-source/dc3sq/ss-dc3sq-r32.pdf
heating-cooling,whole-home-systems,air-conditioners,,r32-dc4se,Whole Home Air Conditioners,https://daikincomfort.com/products/heating-cooling/whole-home-systems/air-conditioners/r32-dc4se,https://daikincomfort.com/docs/default-source/dc4se/ss-dc4se-r32.pdf
heating-cooling,whole-home-systems,air-conditioners,,r32-dc4sq,Whole Home Air Conditioners,https://daikincomfort.com/products/heating-cooling/whole-home-systems/air-conditioners/r32-dc4sq,https://daikincomfort.com/docs/default-source/dc4sq/ss-dc4sq-r32.pdf
heating-cooling,whole-home-systems,air-conditioners,,r32-dc5se,Whole Home Air Conditioners,https://daikincomfort.com/products/heating-cooling/whole-home-systems/air-conditioners/r32-dc5se,https://daikincomfort.com/docs/default-source/dc5se/ss-dc5se-r32.pdf
heating-cooling,whole-home-systems,,,air-handlers-coils,Whole Home Air Handlers & Coils,https://daikincomfort.com/products/heating-cooling/whole-home-systems/air-handlers-coils,
heating-cooling,whole-home-systems,air-handlers-coils,,115v-dfve,Whole Home Air Handlers & Coils,https://daikincomfort.com/products/heating-cooling/whole-home-systems/air-handlers-coils/115v-dfve,https://daikincomfort.com/docs/default-source/115v-dfve/ss-dfve_-(115v)_1.pdf
heating-cooling,whole-home-systems,air-handlers-coils,,115v-dfve-(r-32),Whole Home Air Handlers & Coils,https://daikincomfort.com/products/heating-cooling/whole-home-systems/air-handlers-coils/115v-dfve-(r-32),https://daikincomfort.com/docs/default-source/115v-dfve-(r-32)/ss-dfve_-115v-r32.pdf
heating-cooling,whole-home-systems,air-handlers-coils,,acnf-ceiling-mount,Whole Home Air Handlers & Coils,https://daikincomfort.com/products/heating-cooling/whole-home-systems/air-handlers-coils/acnf-ceiling-mount,https://daikincomfort.com/docs/default-source/acnf-ceiling-mount/ss-dacnf7b6ffc9a-9983-41e8-97ad-7e67e6d6c91a.pdf
heating-cooling,whole-home-systems,air-handlers-coils,,acsf-ceiling-mount,Whole Home Air Handlers & Coils,https://daikincomfort.com/products/heating-cooling/whole-home-systems/air-handlers-coils/acsf-ceiling-mount,https://daikincomfort.com/docs/default-source/acsf-ceiling-mount/ss-dacsf.pdf
heating-cooling,whole-home-systems,air-handlers-coils,,acst-series-(r-32),Whole Home Air Handlers & Coils,https://daikincomfort.com/products/heating-cooling/whole-home-systems/air-handlers-coils/acst-series-(r-32),https://daikincomfort.com/docs/default-source/acst-series-(r-32)/ss-dacst-r32.pdf
heating-cooling,whole-home-systems,air-handlers-coils,,amst,Whole Home Air Handlers & Coils,https://daikincomfort.com/products/heating-cooling/whole-home-systems/air-handlers-coils/amst,https://daikincomfort.com/docs/default-source/amst/ss-damst_0425.pdf
heating-cooling,whole-home-systems,air-handlers-coils,,amst-(r-32),Whole Home Air Handlers & Coils,https://daikincomfort.com/products/heating-cooling/whole-home-systems/air-handlers-coils/amst-(r-32),https://daikincomfort.com/docs/default-source/amst-(r-32)/ss-damst-r32.pdf
heating-cooling,whole-home-systems,air-handlers-coils,,aruf-multi-position,Whole Home Air Handlers & Coils,https://daikincomfort.com/products/heating-cooling/whole-home-systems/air-handlers-coils/aruf-multi-position,https://daikincomfort.com/docs/default-source/aruf/ss-daruf.pdf
heating-cooling,whole-home-systems,air-handlers-coils,,aspt-multi-position,Whole Home Air Handlers & Coils,https://daikincomfort.com/products/heating-cooling/whole-home-systems/air-handlers-coils/aspt-multi-position,https://daikincomfort.com/docs/default-source/aspt/ss-daspt14524d56-eac0-4b58-b407-744973354d03.pdf
heating-cooling,whole-home-systems,air-handlers-coils,,awsf-wall-mount,Whole Home Air Handlers & Coils,https://daikincomfort.com/products/heating-cooling/whole-home-systems/air-handlers-coils/awsf-wall-mount,https://daikincomfort.com/docs/default-source/awsf-wall-mount/ss-dawsf.pdf
heating-cooling,whole-home-systems,air-handlers-coils,,awst-(r-32),Whole Home Air Handlers & Coils,https://daikincomfort.com/products/heating-cooling/whole-home-systems/air-handlers-coils/awst-(r-32),https://daikincomfort.com/docs/default-source/awst-(r-32)/ss-dawst-r32.pdf
heating-cooling,whole-home-systems,air-handlers-coils,,awst-wall-mount,Whole Home Air Handlers & Coils,https://daikincomfort.com/products/heating-cooling/whole-home-systems/air-handlers-coils/awst-wall-mount,https://daikincomfort.com/docs/default-source/awst-wall-mount/ss-dawst.pdf
heating-cooling,whole-home-systems,air-handlers-coils,,awuf-awut-wall-mount,Whole Home Air Handlers & Coils,https://daikincomfort.com/products/heating-cooling/whole-home-systems/air-handlers-coils/awuf-awut-wall-mount,https://daikincomfort.com/docs/default-source/awuf-awut-wall-mount/ss-dawuf.pdf
heating-cooling,whole-home-systems,air-handlers-coils,,awve-(r-32),Whole Home Air Handlers & Coils,https://daikincomfort.com/products/heating-cooling/whole-home-systems/air-handlers-coils/awve-(r-32),https://daikincomfort.com/docs/default-source/awve/ss-dawve-r32.pdf
heating-cooling,whole-home-systems,air-handlers-coils,,cahea-r-32,Whole Home Air Handlers & Coils,https://daikincomfort.com/products/heating-cooling/whole-home-systems/air-handlers-coils/cahea-r-32,https://daikincomfort.com/docs/default-source/general/general/ss-dcoil-r32.pdf
heating-cooling,whole-home-systems,air-handlers-coils,,cape-capea,Whole Home Air Handlers & Coils,https://daikincomfort.com/products/heating-cooling/whole-home-systems/air-handlers-coils/cape-capea,https://daikincomfort.com/docs/default-source/general/general/ss-dcoil.pdf
heating-cooling,whole-home-systems,air-handlers-coils,,cape-capea-r-32,Whole Home Air Handlers & Coils,https://daikincomfort.com/products/heating-cooling/whole-home-systems/air-handlers-coils/cape-capea-r-32,https://daikincomfort.com/docs/default-source/general/general/ss-dcoil-r32.pdf
heating-cooling,whole-home-systems,air-handlers-coils,,capf-cased-evaporator-coil,Whole Home Air Handlers & Coils,https://daikincomfort.com/products/heating-cooling/whole-home-systems/air-handlers-coils/capf-cased-evaporator-coil,https://daikincomfort.com/docs/default-source/general/general/ss-dcoil.pdf
heating-cooling,whole-home-systems,air-handlers-coils,,cauf-uncased-evaporator-coil,Whole Home Air Handlers & Coils,https://daikincomfort.com/products/heating-cooling/whole-home-systems/air-handlers-coils/cauf-uncased-evaporator-coil,https://daikincomfort.com/docs/default-source/general/general/ss-dcoil.pdf
heating-cooling,whole-home-systems,air-handlers-coils,,cauta,Whole Home Air Handlers & Coils,https://daikincomfort.com/products/heating-cooling/whole-home-systems/air-handlers-coils/cauta,https://daikincomfort.com/docs/default-source/general/general/ss-dcoil-r32.pdf
heating-cooling,whole-home-systems,air-handlers-coils,,chpe,Whole Home Air Handlers & Coils,https://daikincomfort.com/products/heating-cooling/whole-home-systems/air-handlers-coils/chpe,https://daikincomfort.com/docs/default-source/general/general/ss-dcoil.pdf
heating-cooling,whole-home-systems,air-handlers-coils,,chpe-r-32,Whole Home Air Handlers & Coils,https://daikincomfort.com/products/heating-cooling/whole-home-systems/air-handlers-coils/chpe-r-32,https://daikincomfort.com/docs/default-source/general/general/ss-dcoil-r32.pdf
heating-cooling,whole-home-systems,air-handlers-coils,,chpf-cased-evaporator-coil,Whole Home Air Handlers & Coils,https://daikincomfort.com/products/heating-cooling/whole-home-systems/air-handlers-coils/chpf-cased-evaporator-coil,https://daikincomfort.com/docs/default-source/general/general/ss-dcoil.pdf
heating-cooling,whole-home-systems,air-handlers-coils,,chpt-chpta,Whole Home Air Handlers & Coils,https://daikincomfort.com/products/heating-cooling/whole-home-systems/air-handlers-coils/chpt-chpta,https://daikincomfort.com/docs/default-source/general/general/ss-dcoil.pdf
heating-cooling,whole-home-systems,air-handlers-coils,,cscf-horizontal-evaporator-coil,Whole Home Air Handlers & Coils,https://daikincomfort.com/products/heating-cooling/whole-home-systems/air-handlers-coils/cscf-horizontal-evaporator-coil,https://daikincomfort.com/docs/default-source/general/general/ss-dcoil.pdf
heating-cooling,whole-home-systems,air-handlers-coils,,csct-r-32,Whole Home Air Handlers & Coils,https://daikincomfort.com/products/heating-cooling/whole-home-systems/air-handlers-coils/csct-r-32,https://daikincomfort.com/docs/default-source/general/general/ss-dcoil-r32.pdf
heating-cooling,whole-home-systems,air-handlers-coils,,dfve,Whole Home Air Handlers & Coils,https://daikincomfort.com/products/heating-cooling/whole-home-systems/air-handlers-coils/dfve,https://daikincomfort.com/docs/default-source/dfve/ss-dfvee29275d9-eab7-4011-9e8a-2f8131ed9f99.pdf
heating-cooling,whole-home-systems,air-handlers-coils,,dfve-(r-32),Whole Home Air Handlers & Coils,https://daikincomfort.com/products/heating-cooling/whole-home-systems/air-handlers-coils/dfve-(r-32),https://daikincomfort.com/docs/default-source/dfve-(r-32)/ss-dfve-r32.pdf
heating-cooling,whole-home-systems,air-handlers-coils,,dmve,Whole Home Air Handlers & Coils,https://daikincomfort.com/products/heating-cooling/whole-home-systems/air-handlers-coils/dmve,https://daikincomfort.com/docs/default-source/dmve/ss-dmve-(2).pdf
heating-cooling,whole-home-systems,air-handlers-coils,,dmvt,Whole Home Air Handlers & Coils,https://daikincomfort.com/products/heating-cooling/whole-home-systems/air-handlers-coils/dmvt,https://daikincomfort.com/docs/default-source/dmvt/ss-dmvt.pdf
heating-cooling,whole-home-systems,air-handlers-coils,,dmvt-(r-32),Whole Home Air Handlers & Coils,https://daikincomfort.com/products/heating-cooling/whole-home-systems/air-handlers-coils/dmvt-(r-32),https://daikincomfort.com/docs/default-source/dmvt-(r-32)/ss-dmvt-r32.pdf
heating-cooling,whole-home-systems,air-handlers-coils,,dvfec,Whole Home Air Handlers & Coils,https://daikincomfort.com/products/heating-cooling/whole-home-systems/air-handlers-coils/dvfec,https://daikincomfort.com/docs/default-source/dvfec/ss-dvfec.pdf
heating-cooling,whole-home-systems,air-handlers-coils,,dvpec-multi-position,Whole Home Air Handlers & Coils,https://daikincomfort.com/products/heating-cooling/whole-home-systems/air-handlers-coils/dvpec-multi-position,https://daikincomfort.com/docs/default-source/dvpec/ss-dvpec.pdf
heating-cooling,whole-home-systems,air-handlers-coils,,dvptc-multi-position,Whole Home Air Handlers & Coils,https://daikincomfort.com/products/heating-cooling/whole-home-systems/air-handlers-coils/dvptc-multi-position,https://daikincomfort.com/docs/default-source/dvptc/ss-dvptc.pdf
heating-cooling,whole-home-systems,air-handlers-coils,,mbvc-modular-blower,Whole Home Air Handlers & Coils,https://daikincomfort.com/products/heating-cooling/whole-home-systems/air-handlers-coils/mbvc-modular-blower,https://daikincomfort.com/docs/default-source/mbvc-modular-blower/ss-dmbvc.pdf
heating-cooling,whole-home-systems,air-handlers-coils,,mbvk-modular-blower,Whole Home Air Handlers & Coils,https://daikincomfort.com/products/heating-cooling/whole-home-systems/air-handlers-coils/mbvk-modular-blower,https://daikincomfort.com/docs/default-source/mbvk-modular-blower/ss-dmbvk.pdf
heating-cooling,whole-home-systems,air-handlers-coils,,r32-capfa,Whole Home Air Handlers & Coils,https://daikincomfort.com/products/heating-cooling/whole-home-systems/air-handlers-coils/r32-capfa,https://daikincomfort.com/docs/default-source/general/general/ss-dcoil-r32.pdf
heating-cooling,whole-home-systems,air-handlers-coils,,r32-capta,Whole Home Air Handlers & Coils,https://daikincomfort.com/products/heating-cooling/whole-home-systems/air-handlers-coils/r32-capta,https://daikincomfort.com/docs/default-source/general/general/ss-dcoil-r32.pdf
heating-cooling,whole-home-systems,air-handlers-coils,,r32-chpta,Whole Home Air Handlers & Coils,https://daikincomfort.com/products/heating-cooling/whole-home-systems/air-handlers-coils/r32-chpta,https://daikincomfort.com/docs/default-source/general/general/ss-dcoil-r32.pdf
heating-cooling,whole-home-systems,,,gas-furnaces,Whole Home Gas Furnaces,https://daikincomfort.com/products/heating-cooling/whole-home-systems/gas-furnaces,
heating-cooling,whole-home-systems,gas-furnaces,,dc80vc,Whole Home Gas Furnaces,https://daikincomfort.com/products/heating-cooling/whole-home-systems/gas-furnaces/dc80vc,https://daikincomfort.com/docs/default-source/dc80vc/ss-dm80vc.pdf
heating-cooling,whole-home-systems,gas-furnaces,,dc96snn,Whole Home Gas Furnaces,https://daikincomfort.com/products/heating-cooling/whole-home-systems/gas-furnaces/dc96snn,https://daikincomfort.com/docs/default-source/dm96sn/ss-dm96sn.pdf
heating-cooling,whole-home-systems,gas-furnaces,,dc96tn,Whole Home Gas Furnaces,https://daikincomfort.com/products/heating-cooling/whole-home-systems/gas-furnaces/dc96tn,https://daikincomfort.com/docs/default-source/dc96tn/ss-dc96tn.pdf
heating-cooling,whole-home-systems,gas-furnaces,,dc96vc,Whole Home Gas Furnaces,https://daikincomfort.com/products/heating-cooling/whole-home-systems/gas-furnaces/dc96vc,https://daikincomfort.com/docs/default-source/dc96vc/ss-dc96vc.pdf
heating-cooling,whole-home-systems,gas-furnaces,,dc97mc,Whole Home Gas Furnaces,https://daikincomfort.com/products/heating-cooling/whole-home-systems/gas-furnaces/dc97mc,https://daikincomfort.com/docs/default-source/dm97mc/ss-dm97mc.pdf
heating-cooling,whole-home-systems,gas-furnaces,,dd80sn,Whole Home Gas Furnaces,https://daikincomfort.com/products/heating-cooling/whole-home-systems/gas-furnaces/dd80sn,https://daikincomfort.com/docs/default-source/dd80sn/ss-dr80sn_dd80sn-r32.pdf
heating-cooling,whole-home-systems,gas-furnaces,,dd80tc,Whole Home Gas Furnaces,https://daikincomfort.com/products/heating-cooling/whole-home-systems/gas-furnaces/dd80tc,https://daikincomfort.com/docs/default-source/dr80tc/ss-dr80tc_-dd80tc-r32.pdf
heating-cooling,whole-home-systems,gas-furnaces,,dd80tn,Whole Home Gas Furnaces,https://daikincomfort.com/products/heating-cooling/whole-home-systems/gas-furnaces/dd80tn,https://daikincomfort.com/docs/default-source/dd80tn/ss-dr80tn_dd80tn-r32.pdf
heating-cooling,whole-home-systems,gas-furnaces,,dd96sc-u,Whole Home Gas Furnaces,https://daikincomfort.com/products/heating-cooling/whole-home-systems/gas-furnaces/dd96sc-u,https://daikincomfort.com/docs/default-source/dd96sc-u/ss-dd96sc-u-r32/ss-dd96sc-u-r32.pdf
heating-cooling,whole-home-systems,gas-furnaces,,dd96sn,Whole Home Gas Furnaces,https://daikincomfort.com/products/heating-cooling/whole-home-systems/gas-furnaces/dd96sn,https://daikincomfort.com/docs/default-source/dr96sn/ss-dr96sn_dd96sn-r32.pdf
heating-cooling,whole-home-systems,gas-furnaces,,dd96tc,Whole Home Gas Furnaces,https://daikincomfort.com/products/heating-cooling/whole-home-systems/gas-furnaces/dd96tc,https://daikincomfort.com/docs/default-source/dr96tc/ss-dr96tc_dd96tc-r32.pdf
heating-cooling,whole-home-systems,gas-furnaces,,dd96tn,Whole Home Gas Furnaces,https://daikincomfort.com/products/heating-cooling/whole-home-systems/gas-furnaces/dd96tn,https://daikincomfort.com/docs/default-source/dr96tn/ss-dr96tn_dd96tn-r32.pdf
heating-cooling,whole-home-systems,gas-furnaces,,dd97mc,Whole Home Gas Furnaces,https://daikincomfort.com/products/heating-cooling/whole-home-systems/gas-furnaces/dd97mc,https://daikincomfort.com/docs/default-source/dd97mc/ss-dr97mc_dd97mc-r32.pdf
heating-cooling,whole-home-systems,gas-furnaces,,dm80vc,Whole Home Gas Furnaces,https://daikincomfort.com/products/heating-cooling/whole-home-systems/gas-furnaces/dm80vc,https://daikincomfort.com/docs/default-source/dm80vc/ss-dm80vc.pdf
heating-cooling,whole-home-systems,gas-furnaces,,dm92sn,Whole Home Gas Furnaces,https://daikincomfort.com/products/heating-cooling/whole-home-systems/gas-furnaces/dm92sn,https://daikincomfort.com/docs/default-source/dm92sn/ss-dm92sn.pdf
heating-cooling,whole-home-systems,gas-furnaces,,dm96sc-u,Whole Home Gas Furnaces,https://daikincomfort.com/products/heating-cooling/whole-home-systems/gas-furnaces/dm96sc-u,https://daikincomfort.com/docs/default-source/dm96sc-u/ss-dm96sc-u.pdf
heating-cooling,whole-home-systems,gas-furnaces,,dm96sn,Whole Home Gas Furnaces,https://daikincomfort.com/products/heating-cooling/whole-home-systems/gas-furnaces/dm96sn,
heating-cooling,whole-home-systems,gas-furnaces,,dm96sn-u1,Whole Home Gas Furnaces,https://daikincomfort.com/products/heating-cooling/whole-home-systems/gas-furnaces/dm96sn-u1,https://daikincomfort.com/docs/default-source/dm96sn-u/ss-dm96sn-u.pdf
heating-cooling,whole-home-systems,gas-furnaces,,dm96tn,Whole Home Gas Furnaces,https://daikincomfort.com/products/heating-cooling/whole-home-systems/gas-furnaces/dm96tn,https://daikincomfort.com/docs/default-source/dm96tn/ss-dm96tn.pdf
heating-cooling,whole-home-systems,gas-furnaces,,dm96vc,Whole Home Gas Furnaces,https://daikincomfort.com/products/heating-cooling/whole-home-systems/gas-furnaces/dm96vc,https://daikincomfort.com/docs/default-source/dm96vc/ss-dm96vc.pdf
heating-cooling,whole-home-systems,gas-furnaces,,dm97mc,Whole Home Gas Furnaces,https://daikincomfort.com/products/heating-cooling/whole-home-systems/gas-furnaces/dm97mc,https://daikincomfort.com/docs/default-source/dm97mc/ss-dm97mc.pdf
heating-cooling,whole-home-systems,gas-furnaces,,dr80sn,Whole Home Gas Furnaces,https://daikincomfort.com/products/heating-cooling/whole-home-systems/gas-furnaces/dr80sn,https://daikincomfort.com/docs/default-source/dr80sn/ss-dr80sn_dd80sn-r32.pdf
heating-cooling,whole-home-systems,gas-furnaces,,dr80sn-u,Whole Home Gas Furnaces,https://daikincomfort.com/products/heating-cooling/whole-home-systems/gas-furnaces/dr80sn-u,https://daikincomfort.com/docs/default-source/dr80sn-u/ss-dr80sn-u-r32.pdf
heating-cooling,whole-home-systems,gas-furnaces,,dr80tc,Whole Home Gas Furnaces,https://daikincomfort.com/products/heating-cooling/whole-home-systems/gas-furnaces/dr80tc,https://daikincomfort.com/docs/default-source/dr80tc/ss-dr80tc_-dd80tc-r32.pdf
heating-cooling,whole-home-systems,gas-furnaces,,dr80tn,Whole Home Gas Furnaces,https://daikincomfort.com/products/heating-cooling/whole-home-systems/gas-furnaces/dr80tn,https://daikincomfort.com/docs/default-source/dr80tn/ss-dr80tn_dd80tn-r32.pdf
heating-cooling,whole-home-systems,gas-furnaces,,dr92sn,Whole Home Gas Furnaces,https://daikincomfort.com/products/heating-cooling/whole-home-systems/gas-furnaces/dr92sn,https://daikincomfort.com/docs/default-source/dr92sn/sa-ss-dr92sn-r32.pdf
heating-cooling,whole-home-systems,gas-furnaces,,dr96sc-uln,Whole Home Gas Furnaces,https://daikincomfort.com/products/heating-cooling/whole-home-systems/gas-furnaces/dr96sc-uln,https://daikincomfort.com/docs/default-source/dr96sc-u-r32/ss-dr96sc-u-r32.pdf
heating-cooling,whole-home-systems,gas-furnaces,,dr96sn,Whole Home Gas Furnaces,https://daikincomfort.com/products/heating-cooling/whole-home-systems/gas-furnaces/dr96sn,https://daikincomfort.com/docs/default-source/dr96sn/ss-dr96sn_dd96sn-r32.pdf
heating-cooling,whole-home-systems,gas-furnaces,,dr96sn-u,Whole Home Gas Furnaces,https://daikincomfort.com/products/heating-cooling/whole-home-systems/gas-furnaces/dr96sn-u,https://daikincomfort.com/docs/default-source/dr96sn-u/ss-dr96sn-u-r32.pdf
heating-cooling,whole-home-systems,gas-furnaces,,dr96tc,Whole Home Gas Furnaces,https://daikincomfort.com/products/heating-cooling/whole-home-systems/gas-furnaces/dr96tc,https://daikincomfort.com/docs/default-source/dr96tc/ss-dr96tc_dd96tc-r32.pdf
heating-cooling,whole-home-systems,gas-furnaces,,dr96tn,Whole Home Gas Furnaces,https://daikincomfort.com/products/heating-cooling/whole-home-systems/gas-furnaces/dr96tn,https://daikincomfort.com/docs/default-source/dr96tn/ss-dr96tn_dd96tn-r32.pdf
heating-cooling,whole-home-systems,gas-furnaces,,dr97mc,Whole Home Gas Furnaces,https://daikincomfort.com/products/heating-cooling/whole-home-systems/gas-furnaces/dr97mc,https://daikincomfort.com/docs/default-source/dd97mc/ss-dr97mc_dd97mc-r32.pdf
heating-cooling,whole-home-systems,gas-furnaces,,ss-dr80sc-u,Whole Home Gas Furnaces,https://daikincomfort.com/products/heating-cooling/whole-home-systems/gas-furnaces/ss-dr80sc-u,https://daikincomfort.com/docs/default-source/dr80sc-u/ss-dr80sc-u-r32.pdf
heating-cooling,whole-home-systems,,,heat-pumps,Whole Home Heat Pumps,https://daikincomfort.com/products/heating-cooling/whole-home-systems/heat-pumps,
heating-cooling,whole-home-systems,heat-pumps,,daikin-fit-heat-pump---dh6vs,Whole Home Heat Pumps,https://daikincomfort.com/products/heating-cooling/whole-home-systems/heat-pumps/daikin-fit-heat-pump---dh6vs,https://daikincomfort.com/docs/default-source/daikin-fit-heat-pump---dh6vs/ss-dh6vs-r32.pdf
heating-cooling,whole-home-systems,heat-pumps,,daikin-fit-heat-pump-dh7vs,Whole Home Heat Pumps,https://daikincomfort.com/products/heating-cooling/whole-home-systems/heat-pumps/daikin-fit-heat-pump-dh7vs,https://daikincomfort.com/docs/default-source/daikin-fit-heat-pump---dh7vs/ss-dh7vs-r32.pdf
heating-cooling,whole-home-systems,heat-pumps,,daikin-fit-heat-pump-dz6vs,Whole Home Heat Pumps,https://daikincomfort.com/products/heating-cooling/whole-home-systems/heat-pumps/daikin-fit-heat-pump-dz6vs,https://daikincomfort.com/docs/default-source/daikin-fit-heat-pump---dz6vs/ss-dz6vs.pdf
heating-cooling,whole-home-systems,heat-pumps,,dh4se,Whole Home Heat Pumps,https://daikincomfort.com/products/heating-cooling/whole-home-systems/heat-pumps/dh4se,https://daikincomfort.com/docs/default-source/dh4se/ss-dh4se-r32.pdf
heating-cooling,whole-home-systems,heat-pumps,,dh4sq,Whole Home Heat Pumps,https://daikincomfort.com/products/heating-cooling/whole-home-systems/heat-pumps/dh4sq,https://daikincomfort.com/docs/default-source/dh4sq/ss-dh4sq-r32.pdf
heating-cooling,whole-home-systems,heat-pumps,,dh5se,Whole Home Heat Pumps,https://daikincomfort.com/products/heating-cooling/whole-home-systems/heat-pumps/dh5se,https://daikincomfort.com/docs/default-source/dh5se/ss-dh5se-r32.pdf
heating-cooling,whole-home-systems,heat-pumps,,dh7tc,Whole Home Heat Pumps,https://daikincomfort.com/products/heating-cooling/whole-home-systems/heat-pumps/dh7tc,https://daikincomfort.com/docs/default-source/dh7tc/ss-dh7tc-r32.pdf
heating-cooling,whole-home-systems,heat-pumps,,dz4se,Whole Home Heat Pumps,https://daikincomfort.com/products/heating-cooling/whole-home-systems/heat-pumps/dz4se,https://daikincomfort.com/docs/default-source/dz4se/ss-dz4se.pdf
heating-cooling,whole-home-systems,heat-pumps,,dz4sq,Whole Home Heat Pumps,https://daikincomfort.com/products/heating-cooling/whole-home-systems/heat-pumps/dz4sq,https://daikincomfort.com/docs/default-source/dz4sq/ss-dz4sq.pdf
heating-cooling,whole-home-systems,heat-pumps,,dz5se,Whole Home Heat Pumps,https://daikincomfort.com/products/heating-cooling/whole-home-systems/heat-pumps/dz5se,https://daikincomfort.com/docs/default-source/dz5se/ss-dz5se.pdf
heating-cooling,whole-home-systems,heat-pumps,,dz7tc,Whole Home Heat Pumps,https://daikincomfort.com/products/heating-cooling/whole-home-systems/heat-pumps/dz7tc,https://daikincomfort.com/docs/default-source/dz7tc/ss-dz7tc.pdf
heating-cooling,whole-home-systems,heat-pumps,,dz9vc,Whole Home Heat Pumps,https://daikincomfort.com/products/heating-cooling/whole-home-systems/heat-pumps/dz9vc,https://daikincomfort.com/docs/default-source/dz9vc/ss-dz9vc.pdf
heating-cooling,whole-home-systems,heat-pumps,,fit-aurora-heat-pump,Whole Home Heat Pumps,https://daikincomfort.com/products/heating-cooling/whole-home-systems/heat-pumps/fit-aurora-heat-pump,https://daikincomfort.com/docs/default-source/fit-aurora-heat-pump-dh9vs/ss-dh9vs-r32.pdf
heating-cooling,whole-home-systems,heat-pumps,,skyair-ftq-ducted,Whole Home Heat Pumps,https://daikincomfort.com/products/heating-cooling/whole-home-systems/heat-pumps/skyair-ftq-ducted,
heating-cooling,whole-home-systems,heat-pumps,,vrv-life,Whole Home Heat Pumps,https://daikincomfort.com/products/heating-cooling/whole-home-systems/heat-pumps/vrv-life,
heating-cooling,whole-home-systems,,,packaged-products,Whole Home Packaged Systems,https://daikincomfort.com/products/heating-cooling/whole-home-systems/packaged-products,
heating-cooling,whole-home-systems,packaged-products,,dp3ch-r-32,Whole Home Packaged Systems,https://daikincomfort.com/products/heating-cooling/whole-home-systems/packaged-products/dp3ch-r-32,https://daikincomfort.com/docs/default-source/dp3ch-r-32/ss-dp3ch-r32.pdf
heating-cooling,whole-home-systems,packaged-products,,dp3gm-r32,Whole Home Packaged Systems,https://daikincomfort.com/products/heating-cooling/whole-home-systems/packaged-products/dp3gm-r32,https://daikincomfort.com/docs/default-source/dp3gm-(r-32)/ss-dp3gm_dp3um_r32.pdf
heating-cooling,whole-home-systems,packaged-products,,dp3hh-(r-32),Whole Home Packaged Systems,https://daikincomfort.com/products/heating-cooling/whole-home-systems/packaged-products/dp3hh-(r-32),https://daikincomfort.com/docs/default-source/dp3hh-(r-32)/ss-dp3hh-r32.pdf
heating-cooling,whole-home-systems,packaged-products,,dp3hm-r-32,Whole Home Packaged Systems,https://daikincomfort.com/products/heating-cooling/whole-home-systems/packaged-products/dp3hm-r-32,https://daikincomfort.com/docs/default-source/dp3hm---r32/ss-dp3hm-r32.pdf
heating-cooling,whole-home-systems,packaged-products,,dp5gm-r-32,Whole Home Packaged Systems,https://daikincomfort.com/products/heating-cooling/whole-home-systems/packaged-products/dp5gm-r-32,https://daikincomfort.com/docs/default-source/dp5gm_r32/ss-dp5g_um-r32.pdf
heating-cooling,whole-home-systems,packaged-products,,dp5hh-(r-32),Whole Home Packaged Systems,https://daikincomfort.com/products/heating-cooling/whole-home-systems/packaged-products/dp5hh-(r-32),https://daikincomfort.com/docs/default-source/dp5hh-(r-32)/ss-dp5hh-r32.pdf
heating-cooling,whole-home-systems,packaged-products,,dp5hm-(r-32),Whole Home Packaged Systems,https://daikincomfort.com/products/heating-cooling/whole-home-systems/packaged-products/dp5hm-(r-32),https://daikincomfort.com/docs/default-source/dp5hm-r32/ss-dp5hm-r32.pdf
heating-cooling,whole-home-systems,packaged-products,,dp5um-r32,Whole Home Packaged Systems,https://daikincomfort.com/products/heating-cooling/whole-home-systems/packaged-products/dp5um-r32,
hydronic-systems-altherma,,,,d2271,Daikin ALTHERMA,https://daikincomfort.com/products/hydronic-systems-altherma/d2271,https://daikincomfort.com/docs/default-source/d2271-thermostat/ss-d2271.pdf
hydronic-systems-altherma,,,,daikin-altherma-3-h-ht---upra-davk,Daikin ALTHERMA,https://daikincomfort.com/products/hydronic-systems-altherma/daikin-altherma-3-h-ht---upra-davk,
hydronic-systems-altherma,,,,daikin-altherma-3-h-ht---utbx040ef6vj,Daikin ALTHERMA,https://daikincomfort.com/products/hydronic-systems-altherma/daikin-altherma-3-h-ht---utbx040ef6vj,
hydronic-systems-altherma,,,,daikin-altherma-dhw-tank-uhws-d3vj,Daikin ALTHERMA,https://daikincomfort.com/products/hydronic-systems-altherma/daikin-altherma-dhw-tank-uhws-d3vj,
hydronic-systems-altherma,,,,daikin-altherma-hpc---fwxt-aatsbuc(l-r)_1,Daikin ALTHERMA,https://daikincomfort.com/products/hydronic-systems-altherma/daikin-altherma-hpc---fwxt-aatsbuc(l-r)_1,
hydronic-systems-altherma,,,,daikin-altherma-hpc---fwxv-aatsbu(l-r),Daikin ALTHERMA,https://daikincomfort.com/products/hydronic-systems-altherma/daikin-altherma-hpc---fwxv-aatsbu(l-r),
hydronic-systems-altherma,,,,hydronic-air-handler---vmb,Daikin ALTHERMA,https://daikincomfort.com/products/hydronic-systems-altherma/hydronic-air-handler---vmb,
thermostats-controls,,,,d2271,Daikin D2271 Connected Thermostat,https://daikincomfort.com/products/thermostats-controls/d2271,https://daikincomfort.com/docs/default-source/d2271-thermostat/ss-d2271.pdf
thermostats-controls,,,,daikin-adapter---brp9a7,Ventilation and Alarm Adapter  - BRP9A7,https://daikincomfort.com/products/thermostats-controls/daikin-adapter---brp9a7,
thermostats-controls,,,,daikin-cloud-wifi-adaptor,Daikin DKN Cloud Wi-Fi Adapter,https://daikincomfort.com/products/thermostats-controls/daikin-cloud-wifi-adaptor,
thermostats-controls,,,,daikin-one-lite-connected-thermostat-professional,Daikin ONE Lite smart thermostat,https://daikincomfort.com/products/thermostats-controls/daikin-one-lite-connected-thermostat-professional,https://daikincomfort.com/docs/default-source/daikin-one-lite/ss-onelite.pdf
thermostats-controls,,,,daikin-one-plus,Daikin ONE+ smart thermostat,https://daikincomfort.com/products/thermostats-controls/daikin-one-plus,https://daikincomfort.com/docs/default-source/daikin-one-/ss-oneplus-st.pdf
thermostats-controls,,,,daikin-one-touch,Daikin One Touch Thermostat,https://daikincomfort.com/products/thermostats-controls/daikin-one-touch,https://daikincomfort.com/docs/default-source/daikin-one-touch/ss-onetouch.pdf
thermostats-controls,,,,daikin-zone-control-panel-dozp-6-ada-a,Daikin Zone Control Panel DOZP-6-ADA-A,https://daikincomfort.com/products/thermostats-controls/daikin-zone-control-panel-dozp-6-ada-a,https://daikincomfort.com/docs/default-source/dozp-6-ada-a/ss-zonepanel.pdf
thermostats-controls,,,,rht-sensor,Daikin ONE Wireless RHT Sensor,https://daikincomfort.com/products/thermostats-controls/rht-sensor,https://daikincomfort.com/docs/default-source/rht-sensor/ss-wireless-rht.pdf
